Job ID,Title,Company,Job Link
4431654337,Mobile Application Developer (Remote,Hire Fee,https://jobs.micro1.ai/post/e6983249-a9ba-4209-bc4a-4df51b92fbcc?referralCode=e91c9585-63ad-45aa-9820-d63708190a83&utm_source=referral&utm_medium=share&utm_campaign=job_referral
4430386792,Flutter Develope,Scouti,https://www.linkedin.com/jobs/search/?currentJobId=4430386792&geoId=112376381&keywords=Flutter&origin=JOB_SEARCH_PAGE_JOB_FILTER&refresh=true&sortBy=R
4425840263,Senior Software Enginee,Deloitt,https://www.linkedin.com/jobs/search/?currentJobId=4425840263&geoId=112376381&keywords=Flutter&origin=JOB_SEARCH_PAGE_JOB_FILTER&refresh=true&sortBy=R
4430392738,Flutter Develope,Scouti,https://www.linkedin.com/jobs/search/?currentJobId=4430392738&geoId=112376381&keywords=Flutter&origin=JOB_SEARCH_PAGE_JOB_FILTER&refresh=true&sortBy=R&start=25
4410966142,Lead Software Enginee,Provatio,https://www.linkedin.com/jobs/view/4410966142
4423202659,Mod Engineer (FDE,Kyndryl Indi,https://kyndryl.wd5.myworkdayjobs.com/KyndrylProfessionalCareers/job/INMANBP-Bangalore-INMANBP-Manyatha/Mod-Engineer--FDE-_R-61854-1?source=REC_APPLICANT_SOURCE_LinkedIn
4426814118,Computer Science Enginee,Codefeas,https://www.linkedin.com/jobs/search/?currentJobId=4426814118&geoId=112376381&keywords=Flutter&origin=JOB_SEARCH_PAGE_JOB_FILTER&refresh=true&sortBy=R&start=25
4430382875,Flutter Develope,Scouti,https://www.linkedin.com/jobs/search/?currentJobId=4430382875&geoId=112376381&keywords=Flutter&origin=JOB_SEARCH_PAGE_JOB_FILTER&refresh=true&sortBy=R&start=50
4431643400,Typescript Software Engineer (Remote,Hire,https://jobs.micro1.ai/post/1ec90f75-c932-465b-a85b-8aaa2f3076f3?referralCode=e91c9585-63ad-45aa-9820-d63708190a83&utm_source=referral&utm_medium=share&utm_campaign=job_referral
4413960626,Staff Software Enginee,Vis,https://visa.wd5.myworkdayjobs.com/Visa/job/IN---Bengaluru-India/Staff-Software-Engineer_REF082021W/apply?share_id=LinkedIn_corporate_page
4425078033,Architec,Zensar Technologie,https://www.linkedin.com/jobs/search/?currentJobId=4425078033&geoId=112376381&keywords=Flutter&origin=JOB_SEARCH_PAGE_JOB_FILTER&refresh=true&sortBy=R&start=50
4430399366,Software Enginee,Scouti,https://www.linkedin.com/jobs/search/?currentJobId=4430399366&geoId=112376381&keywords=Flutter&origin=JOB_SEARCH_PAGE_JOB_FILTER&refresh=true&sortBy=R&start=75
4383100383,Senior Mobile App Develope,Harris Global Business Services (GBS,https://www.linkedin.com/jobs/search/?currentJobId=4383100383&geoId=112376381&keywords=Flutter&origin=JOB_SEARCH_PAGE_JOB_FILTER&refresh=true&sortBy=R&start=150
4418843511,React Native Enginee,Infosy,https://www.linkedin.com/jobs/search/?currentJobId=4418843511&geoId=112376381&keywords=Flutter&origin=JOB_SEARCH_PAGE_JOB_FILTER&refresh=true&sortBy=R&start=175
4371188754,Software Engineer II,Pearso,https://career.infosys.com/jobdesc?jobReferenceCode=INFSYS-EXTERNAL-246218&sourceId=4003
4430381812,Mobile Application Develope,Academ,https://www.linkedin.com/jobs/search/?currentJobId=4430381812&f_TPR=r604800&geoId=112376381&keywords=Flutter&origin=JOB_SEARCH_PAGE_JOB_FILTER&refresh=true&sortBy=R
4427330651,DevRel Engineer I,HackerRan,https://www.linkedin.com/jobs/search/?currentJobId=4427330651&f_TPR=r604800&geoId=112376381&keywords=Flutter&origin=JOB_SEARCH_PAGE_JOB_FILTER&refresh=true&sortBy=R
4430374934,Senior Software Enginee,Umanist N,https://www.linkedin.com/jobs/search/?currentJobId=4430374934&f_TPR=r604800&geoId=112376381&keywords=Flutter&origin=JOB_SEARCH_PAGE_JOB_FILTER&refresh=true&sortBy=R
4428754411,Software Enginee,Droisy,https://www.linkedin.com/jobs/search/?currentJobId=4428754411&f_TPR=r604800&geoId=112376381&keywords=Flutter&origin=JOB_SEARCH_PAGE_JOB_FILTER&refresh=true&sortBy=R
4431612243,Mobile Enginee,ChadWalle,https://www.linkedin.com/jobs/search/?currentJobId=4431612243&f_TPR=r604800&geoId=112376381&keywords=Flutter&origin=JOB_SEARCH_PAGE_JOB_FILTER&refresh=true&sortBy=R
4389921286,Senior Software Enginee,Ecola,https://www.linkedin.com/jobs/search/?currentJobId=4389921286&f_TPR=r604800&geoId=112376381&keywords=Flutter&origin=JOB_SEARCH_PAGE_JOB_FILTER&refresh=true&sortBy=R
